[
  {
    "data": {
      "id": "glyph23",
      "class": "simple chemical",
      "label": "Ca2+",
      "parent": "glyph2",
      "clonemarker": false,
      "stateVariables": [],
      "unitsOfInformation": [],
      "bbox": {
        "x": 1409.3416303507177,
        "y": 170.3243361927971,
        "w": 60,
        "h": 60
      }
    },
    "position": {
      "x": 1234.605196936252,
      "y": 69.5655680733905
    },
    "group": "nodes",
    "removed": false,
    "selected": false,
    "selectable": true,
    "locked": false,
    "grabbable": true,
    "pannable": false,
    "classes": ""
  },
  {
    "data": {
      "id": "glyph32",
      "class": "phenotype",
      "label": "muscle contraction",
      "parent": "glyph2",
      "clonemarker": false,
      "stateVariables": [],
      "unitsOfInformation": [],
      "bbox": {
        "x": 1976.8873538946682,
        "y": 651.7369383828263,
        "w": 160,
        "h": 60
      }
    },
    "position": {
      "x": 2197.7323146171566,
      "y": 1095.7604895957215
    },
    "group": "nodes",
    "removed": false,
    "selected": false,
    "selectable": true,
    "locked": false,
    "grabbable": true,
    "pannable": false,
    "classes": ""
  },
  {
    "data": {
      "id": "glyph37",
      "class": "complex",
      "label": "",
      "parent": "glyph2",
      "clonemarker": false,
      "stateVariables": [
        {
          "id": "glyph37a",
          "class": "state variable",
          "state": {
            "variable": "",
            "value": "tense"
          }
        }
      ],
      "unitsOfInformation": [],
      "bbox": {
        "x": 1891.4159362399225,
        "y": 479.6244130185455,
        "w": 121.5,
        "h": 136.5
      }
    },
    "position": {
      "x": 2200.592163339548,
      "y": 824.7365081837149
    },
    "group": "nodes",
    "removed": false,
    "selected": false,
    "selectable": true,
    "locked": false,
    "grabbable": true,
    "pannable": false,
    "classes": ""
  },
  {
    "data": {
      "id": "glyph39",
      "class": "macromolecule",
      "label": "myosin",
      "parent": "glyph37",
      "clonemarker": false,
      "stateVariables": [],
      "unitsOfInformation": [],
      "bbox": {
        "x": 1891.4159362399225,
        "y": 517.1244130185455,
        "w": 120,
        "h": 60
      }
    },
    "position": {
      "x": 2201.011704216743,
      "y": 780.2521185889852
    },
    "group": "nodes",
    "removed": false,
    "selected": false,
    "selectable": true,
    "locked": false,
    "grabbable": true,
    "pannable": false,
    "classes": ""
  },
  {
    "data": {
      "id": "glyph31",
      "class": "macromolecule",
      "label": "actin",
      "parent": "glyph37",
      "clonemarker": false,
      "stateVariables": [],
      "unitsOfInformation": [],
      "bbox": {
        "x": 1891.4159362399225,
        "y": 442.1244130185455,
        "w": 120,
        "h": 60
      }
    },
    "position": {
      "x": 2200.1726224623526,
      "y": 869.2208977784445
    },
    "group": "nodes",
    "removed": false,
    "selected": false,
    "selectable": true,
    "locked": false,
    "grabbable": true,
    "pannable": false,
    "classes": ""
  },
  {
    "data": {
      "id": "glyph41",
      "class": "process",
      "label": "",
      "parent": "glyph2",
      "clonemarker": false,
      "stateVariables": [],
      "unitsOfInformation": [],
      "bbox": {
        "x": 1488.6367504586137,
        "y": 248.3516476521878,
        "w": 20,
        "h": 20
      }
    },
    "position": {
      "x": 1371.5738448257136,
      "y": 69.14739321378485
    },
    "group": "nodes",
    "removed": false,
    "selected": false,
    "selectable": true,
    "locked": false,
    "grabbable": true,
    "pannable": false,
    "classes": ""
  },
  {
    "data": {
      "id": "glyph21",
      "class": "macromolecule",
      "label": "nAChR",
      "parent": "glyph2",
      "clonemarker": false,
      "stateVariables": [
        {
          "id": "glyph21a",
          "class": "state variable",
          "state": {
            "variable": "",
            "value": "open"
          }
        }
      ],
      "unitsOfInformation": [],
      "bbox": {
        "x": 1384.4372296707947,
        "y": 318.76950553546544,
        "w": 120,
        "h": 60
      }
    },
    "position": {
      "x": 1369.384921498512,
      "y": 215.979564984629
    },
    "group": "nodes",
    "removed": false,
    "selected": false,
    "selectable": true,
    "locked": false,
    "grabbable": true,
    "pannable": false,
    "classes": ""
  },
  {
    "data": {
      "id": "glyph36",
      "class": "complex",
      "label": "",
      "parent": "glyph2",
      "clonemarker": false,
      "stateVariables": [],
      "unitsOfInformation": [],
      "bbox": {
        "x": 1804.8844575025842,
        "y": 102.97480600819699,
        "w": 121.5,
        "h": 136.5
      }
    },
    "position": {
      "x": 1817.9165947430324,
      "y": 230.45301725763466
    },
    "group": "nodes",
    "removed": false,
    "selected": false,
    "selectable": true,
    "locked": false,
    "grabbable": true,
    "pannable": false,
    "classes": ""
  },
  {
    "data": {
      "id": "glyph35",
      "class": "simple chemical",
      "label": "ATP",
      "parent": "glyph36",
      "clonemarker": false,
      "stateVariables": [],
      "unitsOfInformation": [],
      "bbox": {
        "x": 1774.8844575025842,
        "y": 140.474806008197,
        "w": 60,
        "h": 60
      }
    },
    "position": {
      "x": 1819.1560429828219,
      "y": 188.21180713306424
    },
    "group": "nodes",
    "removed": false,
    "selected": false,
    "selectable": true,
    "locked": false,
    "grabbable": true,
    "pannable": false,
    "classes": ""
  },
  {
    "data": {
      "id": "glyph28",
      "class": "macromolecule",
      "label": "myosin",
      "parent": "glyph36",
      "clonemarker": false,
      "stateVariables": [],
      "unitsOfInformation": [],
      "bbox": {
        "x": 1804.8844575025842,
        "y": 65.47480600819699,
        "w": 120,
        "h": 60
      }
    },
    "position": {
      "x": 1817.9165947430324,
      "y": 272.6942273822051
    },
    "group": "nodes",
    "removed": false,
    "selected": false,
    "selectable": true,
    "locked": false,
    "grabbable": true,
    "pannable": false,
    "classes": ""
  },
  {
    "data": {
      "id": "glyph45",
      "class": "association",
      "label": "",
      "parent": "glyph2",
      "clonemarker": false,
      "stateVariables": [],
      "unitsOfInformation": [],
      "bbox": {
        "x": 1967.0754642626248,
        "y": 151.57845482385733,
        "w": 20,
        "h": 20
      }
    },
    "position": {
      "x": 1642.8063632769129,
      "y": 230.12306141176143
    },
    "group": "nodes",
    "removed": false,
    "selected": false,
    "selectable": true,
    "locked": false,
    "grabbable": true,
    "pannable": false,
    "classes": ""
  },
  {
    "data": {
      "id": "glyph27",
      "class": "macromolecule",
      "label": "myosin",
      "parent": "glyph2",
      "clonemarker": false,
      "stateVariables": [],
      "unitsOfInformation": [],
      "bbox": {
        "x": 2003.3717441786537,
        "y": 245.72390413349126,
        "w": 120,
        "h": 60
      }
    },
    "position": {
      "x": 1540.132053723101,
      "y": 279.80120982473704
    },
    "group": "nodes",
    "removed": false,
    "selected": false,
    "selectable": true,
    "locked": false,
    "grabbable": true,
    "pannable": false,
    "classes": ""
  },
  {
    "data": {
      "id": "glyph25",
      "class": "simple chemical",
      "label": "ATP",
      "parent": "glyph2",
      "clonemarker": false,
      "stateVariables": [],
      "unitsOfInformation": [],
      "bbox": {
        "x": 2054.788436248919,
        "y": 96.8211999690675,
        "w": 60,
        "h": 60
      }
    },
    "position": {
      "x": 1539.5639014474805,
      "y": 183.31193386431147
    },
    "group": "nodes",
    "removed": false,
    "selected": false,
    "selectable": true,
    "locked": false,
    "grabbable": true,
    "pannable": false,
    "classes": ""
  },
  {
    "data": {
      "id": "glyph26",
      "class": "macromolecule",
      "label": "actin",
      "parent": "glyph2",
      "clonemarker": false,
      "stateVariables": [],
      "unitsOfInformation": [],
      "bbox": {
        "x": 1820.439889522249,
        "y": 268.820483039897,
        "w": 120,
        "h": 60
      }
    },
    "position": {
      "x": 1815.1991122293518,
      "y": 382.139183750573
    },
    "group": "nodes",
    "removed": false,
    "selected": false,
    "selectable": true,
    "locked": false,
    "grabbable": true,
    "pannable": false,
    "classes": ""
  },
  {
    "data": {
      "id": "glyph44",
      "class": "dissociation",
      "label": "",
      "parent": "glyph2",
      "clonemarker": false,
      "stateVariables": [],
      "unitsOfInformation": [],
      "bbox": {
        "x": 1935.250386913732,
        "y": 330.8071031300308,
        "w": 20,
        "h": 20
      }
    },
    "position": {
      "x": 1813.0103916593941,
      "y": 495.46808601139895
    },
    "group": "nodes",
    "removed": false,
    "selected": false,
    "selectable": true,
    "locked": false,
    "grabbable": true,
    "pannable": false,
    "classes": ""
  },
  {
    "data": {
      "id": "glyph40",
      "class": "simple chemical",
      "label": "ADP",
      "parent": "glyph2",
      "clonemarker": false,
      "stateVariables": [],
      "unitsOfInformation": [],
      "bbox": {
        "x": 1759.2930830609844,
        "y": 647.3483839558924,
        "w": 60,
        "h": 60
      }
    },
    "position": {
      "x": 2122.661865282198,
      "y": 665.6326904740338
    },
    "group": "nodes",
    "removed": false,
    "selected": false,
    "selectable": true,
    "locked": false,
    "grabbable": true,
    "pannable": false,
    "classes": ""
  },
  {
    "data": {
      "id": "glyph43",
      "class": "process",
      "label": "",
      "parent": "glyph2",
      "clonemarker": false,
      "stateVariables": [],
      "unitsOfInformation": [],
      "bbox": {
        "x": 1751.2193616265988,
        "y": 549.6009389943749,
        "w": 20,
        "h": 20
      }
    },
    "position": {
      "x": 2201.540688499251,
      "y": 568.5858231560827
    },
    "group": "nodes",
    "removed": false,
    "selected": false,
    "selectable": true,
    "locked": false,
    "grabbable": true,
    "pannable": false,
    "classes": ""
  },
  {
    "data": {
      "id": "glyph33",
      "class": "simple chemical",
      "label": "Pi",
      "parent": "glyph2",
      "clonemarker": false,
      "stateVariables": [],
      "unitsOfInformation": [],
      "bbox": {
        "x": 1657.0448245589985,
        "y": 580.5826529205284,
        "w": 60,
        "h": 60
      }
    },
    "position": {
      "x": 2279.8999661788876,
      "y": 665.7298263988102
    },
    "group": "nodes",
    "removed": false,
    "selected": false,
    "selectable": true,
    "locked": false,
    "grabbable": true,
    "pannable": false,
    "classes": ""
  },
  {
    "data": {
      "id": "glyph38",
      "class": "complex multimer",
      "label": "",
      "parent": "glyph2",
      "clonemarker": false,
      "stateVariables": [
        {
          "id": "glyph38a",
          "class": "state variable",
          "state": {
            "variable": "",
            "value": "relaxed"
          }
        }
      ],
      "unitsOfInformation": [],
      "bbox": {
        "x": 1624.6397609318626,
        "y": 402.55565593238714,
        "w": 196.5,
        "h": 136.5
      }
    },
    "position": {
      "x": 2202.1722769486146,
      "y": 281.97139861309836
    },
    "group": "nodes",
    "removed": false,
    "selected": false,
    "selectable": true,
    "locked": false,
    "grabbable": true,
    "pannable": false,
    "classes": ""
  },
  {
    "data": {
      "id": "glyph46",
      "class": "simple chemical",
      "label": "ATP",
      "parent": "glyph38",
      "clonemarker": false,
      "stateVariables": [],
      "unitsOfInformation": [],
      "bbox": {
        "x": 1692.1397609318626,
        "y": 365.05565593238714,
        "w": 60,
        "h": 60
      }
    },
    "position": {
      "x": 2201.8585383740638,
      "y": 193.410429481047
    },
    "group": "nodes",
    "removed": false,
    "selected": false,
    "selectable": true,
    "locked": false,
    "grabbable": true,
    "pannable": false,
    "classes": ""
  },
  {
    "data": {
      "id": "glyph30",
      "class": "macromolecule",
      "label": "actin",
      "parent": "glyph38",
      "clonemarker": false,
      "stateVariables": [],
      "unitsOfInformation": [],
      "bbox": {
        "x": 1587.1397609318626,
        "y": 440.05565593238714,
        "w": 120,
        "h": 60
      }
    },
    "position": {
      "x": 2203.329337099064,
      "y": 370.53236774514977
    },
    "group": "nodes",
    "removed": false,
    "selected": false,
    "selectable": true,
    "locked": false,
    "grabbable": true,
    "pannable": false,
    "classes": ""
  },
  {
    "data": {
      "id": "glyph29",
      "class": "macromolecule",
      "label": "myosin",
      "parent": "glyph38",
      "clonemarker": false,
      "stateVariables": [],
      "unitsOfInformation": [],
      "bbox": {
        "x": 1587.1397609318626,
        "y": 365.05565593238714,
        "w": 120,
        "h": 60
      }
    },
    "position": {
      "x": 2201.015216798165,
      "y": 276.61286375336715
    },
    "group": "nodes",
    "removed": false,
    "selected": false,
    "selectable": true,
    "locked": false,
    "grabbable": true,
    "pannable": false,
    "classes": ""
  },
  {
    "data": {
      "id": "glyph42",
      "class": "association",
      "label": "",
      "parent": "glyph2",
      "clonemarker": false,
      "stateVariables": [],
      "unitsOfInformation": [],
      "bbox": {
        "x": 1690.9446371300062,
        "y": 251.92937531016833,
        "w": 20,
        "h": 20
      }
    },
    "position": {
      "x": 2007.2230653255717,
      "y": 283.7108784686492
    },
    "group": "nodes",
    "removed": false,
    "selected": false,
    "selectable": true,
    "locked": false,
    "grabbable": true,
    "pannable": false,
    "classes": ""
  },
  {
    "data": {
      "id": "glyph22",
      "class": "simple chemical",
      "label": "Ca2+",
      "parent": "glyph2",
      "clonemarker": false,
      "stateVariables": [],
      "unitsOfInformation": [],
      "bbox": {
        "x": 1589.5695675154066,
        "y": 232.05000581952652,
        "w": 60,
        "h": 60
      }
    },
    "position": {
      "x": 2008.9438830755585,
      "y": 72.23150482055803
    },
    "group": "nodes",
    "removed": false,
    "selected": false,
    "selectable": true,
    "locked": false,
    "grabbable": true,
    "pannable": false,
    "classes": ""
  },
  {
    "data": {
      "id": "glyph24",
      "class": "process",
      "label": "",
      "parent": "glyph2",
      "clonemarker": false,
      "stateVariables": [],
      "unitsOfInformation": [],
      "bbox": {
        "x": 1301.6362730997278,
        "y": 398.6650341622118,
        "w": 20,
        "h": 20
      }
    },
    "position": {
      "x": 1368.5291072898137,
      "y": 359.5976077972136
    },
    "group": "nodes",
    "removed": false,
    "selected": false,
    "selectable": true,
    "locked": false,
    "grabbable": true,
    "pannable": false,
    "classes": ""
  },
  {
    "data": {
      "id": "glyph20",
      "class": "macromolecule",
      "label": "nAChR",
      "parent": "glyph2",
      "clonemarker": false,
      "stateVariables": [
        {
          "id": "glyph20a",
          "class": "state variable",
          "state": {
            "variable": "",
            "value": "closed"
          }
        }
      ],
      "unitsOfInformation": [],
      "bbox": {
        "x": 1283.999018133457,
        "y": 492.58732111519737,
        "w": 120,
        "h": 60
      }
    },
    "position": {
      "x": 1365.3513405760298,
      "y": 498.03249059468095
    },
    "group": "nodes",
    "removed": false,
    "selected": false,
    "selectable": true,
    "locked": false,
    "grabbable": true,
    "pannable": false,
    "classes": ""
  },
  {
    "data": {
      "id": "glyph2",
      "class": "compartment",
      "label": "muscle cytosol",
      "clonemarker": false,
      "stateVariables": [],
      "unitsOfInformation": [],
      "bbox": {
        "x": 1654.393727191188,
        "y": 350.73087219551167,
        "w": 862.289418115462,
        "h": 663.5121323746293
      }
    },
    "position": {
      "x": 1757.2525815575698,
      "y": 585.663028834556
    },
    "group": "nodes",
    "removed": false,
    "selected": false,
    "selectable": true,
    "locked": false,
    "grabbable": true,
    "pannable": false,
    "classes": ""
  },
  {
    "data": {
      "id": "glyph16",
      "class": "process",
      "label": "",
      "parent": "glyph0",
      "clonemarker": false,
      "stateVariables": [],
      "unitsOfInformation": [],
      "bbox": {
        "x": 207.27865035440527,
        "y": 260.8070789152547,
        "w": 20,
        "h": 20
      }
    },
    "position": {
      "x": -87.88227756031358,
      "y": 351.9597184183295
    },
    "group": "nodes",
    "removed": false,
    "selected": false,
    "selectable": true,
    "locked": false,
    "grabbable": true,
    "pannable": false,
    "classes": ""
  },
  {
    "data": {
      "id": "glyph47",
      "class": "simple chemical",
      "label": "acetyl CoA",
      "parent": "glyph0",
      "clonemarker": false,
      "stateVariables": [],
      "unitsOfInformation": [],
      "bbox": {
        "x": 155.17928220362705,
        "y": 171.2675330945018,
        "w": 60,
        "h": 60
      }
    },
    "position": {
      "x": -208.0103304062723,
      "y": 273.135587371003
    },
    "group": "nodes",
    "removed": false,
    "selected": false,
    "selectable": true,
    "locked": false,
    "grabbable": true,
    "pannable": false,
    "classes": ""
  },
  {
    "data": {
      "id": "glyph12",
      "class": "simple chemical",
      "label": "choline",
      "parent": "glyph0",
      "clonemarker": false,
      "stateVariables": [],
      "unitsOfInformation": [],
      "bbox": {
        "x": 273.0840166839621,
        "y": 349.41797443653786,
        "w": 60,
        "h": 60
      }
    },
    "position": {
      "x": -212.23274557501688,
      "y": 423.89923769794325
    },
    "group": "nodes",
    "removed": false,
    "selected": false,
    "selectable": true,
    "locked": false,
    "grabbable": true,
    "pannable": false,
    "classes": ""
  },
  {
    "data": {
      "id": "glyph15",
      "class": "process",
      "label": "",
      "parent": "glyph0",
      "clonemarker": false,
      "stateVariables": [],
      "unitsOfInformation": [],
      "bbox": {
        "x": 352.0061729818583,
        "y": 433.5590129724641,
        "w": 20,
        "h": 20
      }
    },
    "position": {
      "x": 275.88008415416454,
      "y": 504.97508201006804
    },
    "group": "nodes",
    "removed": false,
    "selected": false,
    "selectable": true,
    "locked": false,
    "grabbable": true,
    "pannable": false,
    "classes": ""
  },
  {
    "data": {
      "id": "glyph9",
      "class": "macromolecule",
      "label": "SNARE",
      "parent": "glyph0",
      "clonemarker": false,
      "stateVariables": [],
      "unitsOfInformation": [],
      "bbox": {
        "x": 432.77215278290015,
        "y": 618.9409568808867,
        "w": 120,
        "h": 60
      }
    },
    "position": {
      "x": 471.8375697127895,
      "y": 151.32063347240833
    },
    "group": "nodes",
    "removed": false,
    "selected": false,
    "selectable": true,
    "locked": false,
    "grabbable": true,
    "pannable": false,
    "classes": ""
  },
  {
    "data": {
      "id": "glyph3",
      "class": "macromolecule",
      "label": "ChAT",
      "parent": "glyph0",
      "clonemarker": false,
      "stateVariables": [],
      "unitsOfInformation": [],
      "bbox": {
        "x": 80.62697950944448,
        "y": 284.8423494357676,
        "w": 120,
        "h": 60
      }
    },
    "position": {
      "x": -88.65649385340895,
      "y": 153.6186718124465
    },
    "group": "nodes",
    "removed": false,
    "selected": false,
    "selectable": true,
    "locked": false,
    "grabbable": true,
    "pannable": false,
    "classes": ""
  },
  {
    "data": {
      "id": "glyph18",
      "class": "process",
      "label": "",
      "parent": "glyph0",
      "clonemarker": false,
      "stateVariables": [],
      "unitsOfInformation": [],
      "bbox": {
        "x": 391.3423913539207,
        "y": 175.79855923606135,
        "w": 20,
        "h": 20
      }
    },
    "position": {
      "x": 174.31229729898033,
      "y": 353.76323636111226
    },
    "group": "nodes",
    "removed": false,
    "selected": false,
    "selectable": true,
    "locked": false,
    "grabbable": true,
    "pannable": false,
    "classes": ""
  },
  {
    "data": {
      "id": "glyph4",
      "class": "macromolecule",
      "label": "vAChT",
      "parent": "glyph0",
      "clonemarker": false,
      "stateVariables": [],
      "unitsOfInformation": [],
      "bbox": {
        "x": 401.0948426971652,
        "y": 80.0319137104878,
        "w": 120,
        "h": 60
      }
    },
    "position": {
      "x": 175.38354488002722,
      "y": 150.64622355826125
    },
    "group": "nodes",
    "removed": false,
    "selected": false,
    "selectable": true,
    "locked": false,
    "grabbable": true,
    "pannable": false,
    "classes": ""
  },
  {
    "data": {
      "id": "glyph13",
      "class": "simple chemical",
      "label": "Ach",
      "parent": "glyph0",
      "clonemarker": false,
      "stateVariables": [],
      "unitsOfInformation": [],
      "bbox": {
        "x": 296.06141509780923,
        "y": 204.40035574974667,
        "w": 60,
        "h": 60
      }
    },
    "position": {
      "x": 52.987709756276075,
      "y": 354.1511206476554
    },
    "group": "nodes",
    "removed": false,
    "selected": false,
    "selectable": true,
    "locked": false,
    "grabbable": true,
    "pannable": false,
    "classes": ""
  },
  {
    "data": {
      "id": "glyph8",
      "class": "macromolecule",
      "label": "CHT1",
      "parent": "glyph0",
      "clonemarker": false,
      "stateVariables": [],
      "unitsOfInformation": [],
      "bbox": {
        "x": 233.13067713678856,
        "y": 493.88399094919043,
        "w": 120,
        "h": 60
      }
    },
    "position": {
      "x": 271.3344503874855,
      "y": 673.8201635022664
    },
    "group": "nodes",
    "removed": false,
    "selected": false,
    "selectable": true,
    "locked": false,
    "grabbable": true,
    "pannable": false,
    "classes": ""
  },
  {
    "data": {
      "id": "glyph6",
      "class": "simple chemical",
      "label": "ACh",
      "parent": "glyph14",
      "clonemarker": false,
      "stateVariables": [],
      "unitsOfInformation": [],
      "bbox": {
        "x": 492.2542134972042,
        "y": 240.85518711003323,
        "w": 60,
        "h": 60
      }
    },
    "position": {
      "x": 337.4193930595747,
      "y": 354.3103607223483
    },
    "group": "nodes",
    "removed": false,
    "selected": false,
    "selectable": true,
    "locked": false,
    "grabbable": true,
    "pannable": false,
    "classes": ""
  },
  {
    "data": {
      "id": "glyph14",
      "class": "compartment",
      "label": "synaptic vesicle",
      "parent": "glyph0",
      "clonemarker": false,
      "stateVariables": [],
      "unitsOfInformation": [],
      "bbox": {
        "x": 492.2542134972042,
        "y": 240.85518711003323,
        "w": 61.5,
        "h": 61.5
      }
    },
    "position": {
      "x": 337.4193930595747,
      "y": 354.3103607223483
    },
    "group": "nodes",
    "removed": false,
    "selected": false,
    "selectable": true,
    "locked": false,
    "grabbable": true,
    "pannable": false,
    "classes": ""
  },
  {
    "data": {
      "id": "glyph0",
      "class": "compartment",
      "label": "synaptic button",
      "clonemarker": false,
      "stateVariables": [],
      "unitsOfInformation": [],
      "bbox": {
        "x": 284.06559650332434,
        "y": 349.4864352956872,
        "w": 528.3772339877597,
        "h": 600.409043170399
      }
    },
    "position": {
      "x": 141.80241206888627,
      "y": 412.2331935302638
    },
    "group": "nodes",
    "removed": false,
    "selected": false,
    "selectable": true,
    "locked": false,
    "grabbable": true,
    "pannable": false,
    "classes": ""
  },
  {
    "data": {
      "id": "glyph5",
      "class": "simple chemical",
      "label": "choline",
      "parent": "glyph1",
      "clonemarker": false,
      "stateVariables": [],
      "unitsOfInformation": [],
      "bbox": {
        "x": 673.7541361913168,
        "y": 591.1376395474406,
        "w": 60,
        "h": 60
      }
    },
    "position": {
      "x": 793.480241396369,
      "y": 605.1306967237942
    },
    "group": "nodes",
    "removed": false,
    "selected": false,
    "selectable": true,
    "locked": false,
    "grabbable": true,
    "pannable": false,
    "classes": ""
  },
  {
    "data": {
      "id": "glyph7",
      "class": "simple chemical",
      "label": "ACh",
      "parent": "glyph1",
      "clonemarker": false,
      "stateVariables": [],
      "unitsOfInformation": [],
      "bbox": {
        "x": 842.867868440539,
        "y": 547.3570926019304,
        "w": 60,
        "h": 60
      }
    },
    "position": {
      "x": 882.2928388452633,
      "y": 357.34186136664005
    },
    "group": "nodes",
    "removed": false,
    "selected": false,
    "selectable": true,
    "locked": false,
    "grabbable": true,
    "pannable": false,
    "classes": ""
  },
  {
    "data": {
      "id": "glyph17",
      "class": "process",
      "label": "",
      "parent": "glyph1",
      "clonemarker": false,
      "stateVariables": [],
      "unitsOfInformation": [],
      "bbox": {
        "x": 780.4404211840899,
        "y": 462.2172628114067,
        "w": 20,
        "h": 20
      }
    },
    "position": {
      "x": 646.8941101946878,
      "y": 359.3586638434937
    },
    "group": "nodes",
    "removed": false,
    "selected": false,
    "selectable": true,
    "locked": false,
    "grabbable": true,
    "pannable": false,
    "classes": ""
  },
  {
    "data": {
      "id": "glyph11",
      "class": "simple chemical",
      "label": "acetate",
      "parent": "glyph1",
      "clonemarker": false,
      "stateVariables": [],
      "unitsOfInformation": [],
      "bbox": {
        "x": 866.343685007812,
        "y": 672.9950321120291,
        "w": 60,
        "h": 60
      }
    },
    "position": {
      "x": 962.1964798668208,
      "y": 611.0275563691539
    },
    "group": "nodes",
    "removed": false,
    "selected": false,
    "selectable": true,
    "locked": false,
    "grabbable": true,
    "pannable": false,
    "classes": ""
  },
  {
    "data": {
      "id": "glyph19",
      "class": "process",
      "label": "",
      "parent": "glyph1",
      "clonemarker": false,
      "stateVariables": [],
      "unitsOfInformation": [],
      "bbox": {
        "x": 771.6065327100307,
        "y": 632.7047526281501,
        "w": 20,
        "h": 20
      }
    },
    "position": {
      "x": 878.3108322717865,
      "y": 492.6064430254964
    },
    "group": "nodes",
    "removed": false,
    "selected": false,
    "selectable": true,
    "locked": false,
    "grabbable": true,
    "pannable": false,
    "classes": ""
  },
  {
    "data": {
      "id": "glyph10",
      "class": "macromolecule",
      "label": "AChE",
      "parent": "glyph1",
      "clonemarker": false,
      "stateVariables": [],
      "unitsOfInformation": [],
      "bbox": {
        "x": 729.7050429901893,
        "y": 725.5935040834514,
        "w": 120,
        "h": 60
      }
    },
    "position": {
      "x": 1038.2473300230395,
      "y": 496.5128559182721
    },
    "group": "nodes",
    "removed": false,
    "selected": false,
    "selectable": true,
    "locked": false,
    "grabbable": true,
    "pannable": false,
    "classes": ""
  },
  {
    "data": {
      "id": "glyph1",
      "class": "compartment",
      "label": "synaptic cleft",
      "clonemarker": false,
      "stateVariables": [],
      "unitsOfInformation": [],
      "bbox": {
        "x": 770.0489105995644,
        "y": 603.9053834474291,
        "w": 254.08954881649527,
        "h": 304.8762412720447
      }
    },
    "position": {
      "x": 864.4457201088636,
      "y": 484.184708867897
    },
    "group": "nodes",
    "removed": false,
    "selected": false,
    "selectable": true,
    "locked": false,
    "grabbable": true,
    "pannable": false,
    "classes": ""
  },
  {
    "data": {
      "id": "glyph8-glyph15",
      "class": "necessary stimulation",
      "cardinality": 0,
      "source": "glyph8",
      "target": "glyph15",
      "bendPointPositions": [],
      "portSource": "glyph8",
      "portTarget": "glyph15"
    },
    "position": {
      "x": 0,
      "y": 0
    },
    "group": "edges",
    "removed": false,
    "selected": false,
    "selectable": true,
    "locked": false,
    "grabbable": true,
    "pannable": true,
    "classes": ""
  },
  {
    "data": {
      "id": "glyph12-glyph16",
      "class": "consumption",
      "cardinality": 0,
      "source": "glyph12",
      "target": "glyph16",
      "bendPointPositions": [],
      "portSource": "glyph12",
      "portTarget": "glyph16"
    },
    "position": {
      "x": 0,
      "y": 0
    },
    "group": "edges",
    "removed": false,
    "selected": false,
    "selectable": true,
    "locked": false,
    "grabbable": true,
    "pannable": true,
    "classes": ""
  },
  {
    "data": {
      "id": "glyph16-glyph13",
      "class": "production",
      "cardinality": 0,
      "source": "glyph16",
      "target": "glyph13",
      "bendPointPositions": [],
      "portSource": "glyph16",
      "portTarget": "glyph13"
    },
    "position": {
      "x": 0,
      "y": 0
    },
    "group": "edges",
    "removed": false,
    "selected": false,
    "selectable": true,
    "locked": false,
    "grabbable": true,
    "pannable": true,
    "classes": ""
  },
  {
    "data": {
      "id": "glyph13-glyph18",
      "class": "consumption",
      "cardinality": 0,
      "source": "glyph13",
      "target": "glyph18",
      "bendPointPositions": [],
      "portSource": "glyph13",
      "portTarget": "glyph18"
    },
    "position": {
      "x": 0,
      "y": 0
    },
    "group": "edges",
    "removed": false,
    "selected": false,
    "selectable": true,
    "locked": false,
    "grabbable": true,
    "pannable": true,
    "classes": ""
  },
  {
    "data": {
      "id": "glyph18-glyph6",
      "class": "production",
      "cardinality": 0,
      "source": "glyph18",
      "target": "glyph6",
      "bendPointPositions": [],
      "portSource": "glyph18",
      "portTarget": "glyph6"
    },
    "position": {
      "x": 0,
      "y": 0
    },
    "group": "edges",
    "removed": false,
    "selected": false,
    "selectable": true,
    "locked": false,
    "grabbable": true,
    "pannable": true,
    "classes": ""
  },
  {
    "data": {
      "id": "glyph4-glyph18",
      "class": "necessary stimulation",
      "cardinality": 0,
      "source": "glyph4",
      "target": "glyph18",
      "bendPointPositions": [],
      "portSource": "glyph4",
      "portTarget": "glyph18"
    },
    "position": {
      "x": 0,
      "y": 0
    },
    "group": "edges",
    "removed": false,
    "selected": false,
    "selectable": true,
    "locked": false,
    "grabbable": true,
    "pannable": true,
    "classes": ""
  },
  {
    "data": {
      "id": "glyph3-glyph16",
      "class": "catalysis",
      "cardinality": 0,
      "source": "glyph3",
      "target": "glyph16",
      "bendPointPositions": [],
      "portSource": "glyph3",
      "portTarget": "glyph16"
    },
    "position": {
      "x": 0,
      "y": 0
    },
    "group": "edges",
    "removed": false,
    "selected": false,
    "selectable": true,
    "locked": false,
    "grabbable": true,
    "pannable": true,
    "classes": ""
  },
  {
    "data": {
      "id": "glyph10-glyph19",
      "class": "catalysis",
      "cardinality": 0,
      "source": "glyph10",
      "target": "glyph19",
      "bendPointPositions": [],
      "portSource": "glyph10",
      "portTarget": "glyph19"
    },
    "position": {
      "x": 0,
      "y": 0
    },
    "group": "edges",
    "removed": false,
    "selected": false,
    "selectable": true,
    "locked": false,
    "grabbable": true,
    "pannable": true,
    "classes": ""
  },
  {
    "data": {
      "id": "glyph7-glyph19",
      "class": "consumption",
      "cardinality": 0,
      "source": "glyph7",
      "target": "glyph19",
      "bendPointPositions": [],
      "portSource": "glyph7",
      "portTarget": "glyph19"
    },
    "position": {
      "x": 0,
      "y": 0
    },
    "group": "edges",
    "removed": false,
    "selected": false,
    "selectable": true,
    "locked": false,
    "grabbable": true,
    "pannable": true,
    "classes": ""
  },
  {
    "data": {
      "id": "glyph19-glyph5",
      "class": "production",
      "cardinality": 0,
      "source": "glyph19",
      "target": "glyph5",
      "bendPointPositions": [],
      "portSource": "glyph19",
      "portTarget": "glyph5"
    },
    "position": {
      "x": 0,
      "y": 0
    },
    "group": "edges",
    "removed": false,
    "selected": false,
    "selectable": true,
    "locked": false,
    "grabbable": true,
    "pannable": true,
    "classes": ""
  },
  {
    "data": {
      "id": "glyph19-glyph11",
      "class": "production",
      "cardinality": 0,
      "source": "glyph19",
      "target": "glyph11",
      "bendPointPositions": [],
      "portSource": "glyph19",
      "portTarget": "glyph11"
    },
    "position": {
      "x": 0,
      "y": 0
    },
    "group": "edges",
    "removed": false,
    "selected": false,
    "selectable": true,
    "locked": false,
    "grabbable": true,
    "pannable": true,
    "classes": ""
  },
  {
    "data": {
      "id": "glyph9-glyph17",
      "class": "necessary stimulation",
      "cardinality": 0,
      "source": "glyph9",
      "target": "glyph17",
      "bendPointPositions": [],
      "portSource": "glyph9",
      "portTarget": "glyph17"
    },
    "position": {
      "x": 0,
      "y": 0
    },
    "group": "edges",
    "removed": false,
    "selected": false,
    "selectable": true,
    "locked": false,
    "grabbable": true,
    "pannable": true,
    "classes": ""
  },
  {
    "data": {
      "id": "glyph6-glyph17",
      "class": "consumption",
      "cardinality": 0,
      "source": "glyph6",
      "target": "glyph17",
      "bendPointPositions": [],
      "portSource": "glyph6",
      "portTarget": "glyph17"
    },
    "position": {
      "x": 0,
      "y": 0
    },
    "group": "edges",
    "removed": false,
    "selected": false,
    "selectable": true,
    "locked": false,
    "grabbable": true,
    "pannable": true,
    "classes": ""
  },
  {
    "data": {
      "id": "glyph17-glyph7",
      "class": "production",
      "cardinality": 0,
      "source": "glyph17",
      "target": "glyph7",
      "bendPointPositions": [],
      "portSource": "glyph17",
      "portTarget": "glyph7"
    },
    "position": {
      "x": 0,
      "y": 0
    },
    "group": "edges",
    "removed": false,
    "selected": false,
    "selectable": true,
    "locked": false,
    "grabbable": true,
    "pannable": true,
    "classes": ""
  },
  {
    "data": {
      "id": "glyph7-glyph24",
      "class": "necessary stimulation",
      "cardinality": 0,
      "source": "glyph7",
      "target": "glyph24",
      "bendPointPositions": [],
      "portSource": "glyph7",
      "portTarget": "glyph24"
    },
    "position": {
      "x": 0,
      "y": 0
    },
    "group": "edges",
    "removed": false,
    "selected": false,
    "selectable": true,
    "locked": false,
    "grabbable": true,
    "pannable": true,
    "classes": ""
  },
  {
    "data": {
      "id": "glyph20-glyph24",
      "class": "consumption",
      "cardinality": 0,
      "source": "glyph20",
      "target": "glyph24",
      "bendPointPositions": [],
      "portSource": "glyph20",
      "portTarget": "glyph24"
    },
    "position": {
      "x": 0,
      "y": 0
    },
    "group": "edges",
    "removed": false,
    "selected": false,
    "selectable": true,
    "locked": false,
    "grabbable": true,
    "pannable": true,
    "classes": ""
  },
  {
    "data": {
      "id": "glyph24-glyph21",
      "class": "production",
      "cardinality": 0,
      "source": "glyph24",
      "target": "glyph21",
      "bendPointPositions": [],
      "portSource": "glyph24",
      "portTarget": "glyph21"
    },
    "position": {
      "x": 0,
      "y": 0
    },
    "group": "edges",
    "removed": false,
    "selected": false,
    "selectable": true,
    "locked": false,
    "grabbable": true,
    "pannable": true,
    "classes": ""
  },
  {
    "data": {
      "id": "glyph41-glyph22",
      "class": "production",
      "cardinality": 0,
      "source": "glyph41",
      "target": "glyph22",
      "bendPointPositions": [],
      "portSource": "glyph41",
      "portTarget": "glyph22"
    },
    "position": {
      "x": 0,
      "y": 0
    },
    "group": "edges",
    "removed": false,
    "selected": false,
    "selectable": true,
    "locked": false,
    "grabbable": true,
    "pannable": true,
    "classes": ""
  },
  {
    "data": {
      "id": "glyph22-glyph42",
      "class": "stimulation",
      "cardinality": 0,
      "source": "glyph22",
      "target": "glyph42",
      "bendPointPositions": [],
      "portSource": "glyph22",
      "portTarget": "glyph42"
    },
    "position": {
      "x": 0,
      "y": 0
    },
    "group": "edges",
    "removed": false,
    "selected": false,
    "selectable": true,
    "locked": false,
    "grabbable": true,
    "pannable": true,
    "classes": ""
  },
  {
    "data": {
      "id": "glyph36-glyph42",
      "class": "consumption",
      "cardinality": 0,
      "source": "glyph36",
      "target": "glyph42",
      "bendPointPositions": [],
      "portSource": "glyph36",
      "portTarget": "glyph42"
    },
    "position": {
      "x": 0,
      "y": 0
    },
    "group": "edges",
    "removed": false,
    "selected": false,
    "selectable": true,
    "locked": false,
    "grabbable": true,
    "pannable": true,
    "classes": ""
  },
  {
    "data": {
      "id": "glyph26-glyph42",
      "class": "consumption",
      "cardinality": 0,
      "source": "glyph26",
      "target": "glyph42",
      "bendPointPositions": [],
      "portSource": "glyph26",
      "portTarget": "glyph42"
    },
    "position": {
      "x": 0,
      "y": 0
    },
    "group": "edges",
    "removed": false,
    "selected": false,
    "selectable": true,
    "locked": false,
    "grabbable": true,
    "pannable": true,
    "classes": ""
  },
  {
    "data": {
      "id": "glyph42-glyph38",
      "class": "production",
      "cardinality": 0,
      "source": "glyph42",
      "target": "glyph38",
      "bendPointPositions": [],
      "portSource": "glyph42",
      "portTarget": "glyph38"
    },
    "position": {
      "x": 0,
      "y": 0
    },
    "group": "edges",
    "removed": false,
    "selected": false,
    "selectable": true,
    "locked": false,
    "grabbable": true,
    "pannable": true,
    "classes": ""
  },
  {
    "data": {
      "id": "glyph38-glyph43",
      "class": "consumption",
      "cardinality": 0,
      "source": "glyph38",
      "target": "glyph43",
      "bendPointPositions": [],
      "portSource": "glyph38",
      "portTarget": "glyph43"
    },
    "position": {
      "x": 0,
      "y": 0
    },
    "group": "edges",
    "removed": false,
    "selected": false,
    "selectable": true,
    "locked": false,
    "grabbable": true,
    "pannable": true,
    "classes": ""
  },
  {
    "data": {
      "id": "glyph43-glyph37",
      "class": "production",
      "cardinality": 0,
      "source": "glyph43",
      "target": "glyph37",
      "bendPointPositions": [],
      "portSource": "glyph43",
      "portTarget": "glyph37"
    },
    "position": {
      "x": 0,
      "y": 0
    },
    "group": "edges",
    "removed": false,
    "selected": false,
    "selectable": true,
    "locked": false,
    "grabbable": true,
    "pannable": true,
    "classes": ""
  },
  {
    "data": {
      "id": "glyph43-glyph33",
      "class": "production",
      "cardinality": 0,
      "source": "glyph43",
      "target": "glyph33",
      "bendPointPositions": [],
      "portSource": "glyph43",
      "portTarget": "glyph33"
    },
    "position": {
      "x": 0,
      "y": 0
    },
    "group": "edges",
    "removed": false,
    "selected": false,
    "selectable": true,
    "locked": false,
    "grabbable": true,
    "pannable": true,
    "classes": ""
  },
  {
    "data": {
      "id": "glyph43-glyph40",
      "class": "production",
      "cardinality": 0,
      "source": "glyph43",
      "target": "glyph40",
      "bendPointPositions": [],
      "portSource": "glyph43",
      "portTarget": "glyph40"
    },
    "position": {
      "x": 0,
      "y": 0
    },
    "group": "edges",
    "removed": false,
    "selected": false,
    "selectable": true,
    "locked": false,
    "grabbable": true,
    "pannable": true,
    "classes": ""
  },
  {
    "data": {
      "id": "glyph37-glyph44",
      "class": "consumption",
      "cardinality": 0,
      "source": "glyph37",
      "target": "glyph44",
      "bendPointPositions": [],
      "portSource": "glyph37",
      "portTarget": "glyph44"
    },
    "position": {
      "x": 0,
      "y": 0
    },
    "group": "edges",
    "removed": false,
    "selected": false,
    "selectable": true,
    "locked": false,
    "grabbable": true,
    "pannable": true,
    "classes": ""
  },
  {
    "data": {
      "id": "glyph44-glyph27",
      "class": "production",
      "cardinality": 0,
      "source": "glyph44",
      "target": "glyph27",
      "bendPointPositions": [],
      "portSource": "glyph44",
      "portTarget": "glyph27"
    },
    "position": {
      "x": 0,
      "y": 0
    },
    "group": "edges",
    "removed": false,
    "selected": false,
    "selectable": true,
    "locked": false,
    "grabbable": true,
    "pannable": true,
    "classes": ""
  },
  {
    "data": {
      "id": "glyph44-glyph26",
      "class": "production",
      "cardinality": 0,
      "source": "glyph44",
      "target": "glyph26",
      "bendPointPositions": [],
      "portSource": "glyph44",
      "portTarget": "glyph26"
    },
    "position": {
      "x": 0,
      "y": 0
    },
    "group": "edges",
    "removed": false,
    "selected": false,
    "selectable": true,
    "locked": false,
    "grabbable": true,
    "pannable": true,
    "classes": ""
  },
  {
    "data": {
      "id": "glyph25-glyph45",
      "class": "consumption",
      "cardinality": 0,
      "source": "glyph25",
      "target": "glyph45",
      "bendPointPositions": [],
      "portSource": "glyph25",
      "portTarget": "glyph45"
    },
    "position": {
      "x": 0,
      "y": 0
    },
    "group": "edges",
    "removed": false,
    "selected": false,
    "selectable": true,
    "locked": false,
    "grabbable": true,
    "pannable": true,
    "classes": ""
  },
  {
    "data": {
      "id": "glyph27-glyph45",
      "class": "consumption",
      "cardinality": 0,
      "source": "glyph27",
      "target": "glyph45",
      "bendPointPositions": [],
      "portSource": "glyph27",
      "portTarget": "glyph45"
    },
    "position": {
      "x": 0,
      "y": 0
    },
    "group": "edges",
    "removed": false,
    "selected": false,
    "selectable": true,
    "locked": false,
    "grabbable": true,
    "pannable": true,
    "classes": ""
  },
  {
    "data": {
      "id": "glyph45-glyph36",
      "class": "production",
      "cardinality": 0,
      "source": "glyph45",
      "target": "glyph36",
      "bendPointPositions": [],
      "portSource": "glyph45",
      "portTarget": "glyph36"
    },
    "position": {
      "x": 0,
      "y": 0
    },
    "group": "edges",
    "removed": false,
    "selected": false,
    "selectable": true,
    "locked": false,
    "grabbable": true,
    "pannable": true,
    "classes": ""
  },
  {
    "data": {
      "id": "glyph21-glyph41",
      "class": "necessary stimulation",
      "cardinality": 0,
      "source": "glyph21",
      "target": "glyph41",
      "bendPointPositions": [],
      "portSource": "glyph21",
      "portTarget": "glyph41"
    },
    "position": {
      "x": 0,
      "y": 0
    },
    "group": "edges",
    "removed": false,
    "selected": false,
    "selectable": true,
    "locked": false,
    "grabbable": true,
    "pannable": true,
    "classes": ""
  },
  {
    "data": {
      "id": "glyph5-glyph15",
      "class": "consumption",
      "cardinality": 0,
      "source": "glyph5",
      "target": "glyph15",
      "bendPointPositions": [],
      "portSource": "glyph5",
      "portTarget": "glyph15"
    },
    "position": {
      "x": 0,
      "y": 0
    },
    "group": "edges",
    "removed": false,
    "selected": false,
    "selectable": true,
    "locked": false,
    "grabbable": true,
    "pannable": true,
    "classes": ""
  },
  {
    "data": {
      "id": "glyph15-glyph12",
      "class": "production",
      "cardinality": 0,
      "source": "glyph15",
      "target": "glyph12",
      "bendPointPositions": [],
      "portSource": "glyph15",
      "portTarget": "glyph12"
    },
    "position": {
      "x": 0,
      "y": 0
    },
    "group": "edges",
    "removed": false,
    "selected": false,
    "selectable": true,
    "locked": false,
    "grabbable": true,
    "pannable": true,
    "classes": ""
  },
  {
    "data": {
      "id": "glyph47-glyph16",
      "class": "consumption",
      "cardinality": 0,
      "source": "glyph47",
      "target": "glyph16",
      "bendPointPositions": [],
      "portSource": "glyph47",
      "portTarget": "glyph16"
    },
    "position": {
      "x": 0,
      "y": 0
    },
    "group": "edges",
    "removed": false,
    "selected": false,
    "selectable": true,
    "locked": false,
    "grabbable": true,
    "pannable": true,
    "classes": ""
  },
  {
    "data": {
      "id": "glyph37-glyph32",
      "class": "stimulation",
      "cardinality": 0,
      "source": "glyph37",
      "target": "glyph32",
      "bendPointPositions": [],
      "portSource": "glyph37",
      "portTarget": "glyph32"
    },
    "position": {
      "x": 0,
      "y": 0
    },
    "group": "edges",
    "removed": false,
    "selected": false,
    "selectable": true,
    "locked": false,
    "grabbable": true,
    "pannable": true,
    "classes": ""
  },
  {
    "data": {
      "id": "glyph23-glyph41",
      "class": "consumption",
      "cardinality": 0,
      "source": "glyph23",
      "target": "glyph41",
      "bendPointPositions": [],
      "portSource": "glyph23",
      "portTarget": "glyph41"
    },
    "position": {
      "x": 0,
      "y": 0
    },
    "group": "edges",
    "removed": false,
    "selected": false,
    "selectable": true,
    "locked": false,
    "grabbable": true,
    "pannable": true,
    "classes": ""
  }
]